designation,discovery_date,h_mag,moid_au,q_au,Q_au,period_yr,i_deg,pha,orbit_class,a_au,e,tisserand_jupiter,long_period_flag,log_moid_au,log_q_au,log_Q_au,log_period_yr,log_i_deg,log_a_au,log_tisserand_jupiter,orbit_segment,ecc_segment,tisserand_class
419880 (2011 AH37),2011-01-07,19.7,0.035,0.84,4.26,4.06,9.65,Y,Apollo,2.55,0.6705882352941177,3.0634836126930853,False,0.034401426717332394,0.6097655716208942,1.6601310267496183,1.621366483299374,2.365559892155434,1.2669476034873244,1.735082717335787,Near-Jupiter,High-e,Transition
419624 (2010 SO16),2010-09-17,20.5,0.028,0.93,1.08,1.0,14.52,Y,Apollo,1.005,0.0746268656716418,6.022920815189627,False,0.027615167032973363,0.6575200029167942,0.7323678937132266,0.6931471805599453,2.7421295147550726,0.6956440607585325,2.1551093794310034,Inner (NEA),Low-e,Stable
414772 (2010 OC103),2010-07-28,19.0,0.333,0.39,2.0,1.31,23.11,N,Apollo,1.195,0.6736401673640167,5.003187196851016,False,0.2874320411965716,0.32930374714260036,1.0986122886681096,0.8372475245337022,3.1826266921930797,0.7861820465271346,2.0293449422779175,Inner (NEA),High-e,Stable
414746 (2010 EH20),2010-03-06,18.0,0.268,1.25,3.99,4.24,23.89,N,Amor,2.62,0.5229007633587787,3.091151663249065,False,0.23744085601503417,0.8109302162163288,1.6074359097634272,1.6563214983329508,3.2144661163795005,1.2864740258376797,1.7399510935001197,Near-Jupiter,Moderate-e,Transition
407324 (2010 OB101),2010-07-18,20.7,0.111,0.77,2.46,2.06,9.12,N,Apollo,1.615,0.523219814241486,4.157656640909456,False,0.10526051065749295,0.5709795465857378,1.2412685890696329,1.1184149159642893,2.3145136638593193,0.9612640975168862,1.9115508231618932,Inner (NEA),Moderate-e,Asteroidal
398188 (2010 LE15),2010-06-03,19.5,0.024,0.63,1.1,0.8,13.25,Y,Aten,0.865,0.2716763005780347,6.775693727982389,False,0.02371652661731604,0.48858001481867097,0.7419373447293773,0.5877866649021191,2.6567569067146595,0.6232610530957788,2.2387510550731835,Inner (NEA),Low-e,Stable
395207 (2010 HQ80),2010-04-25,19.6,0.007,0.8,2.34,1.96,27.85,Y,Apollo,1.5699999999999998,0.4904458598726114,4.158878772988206,False,0.006975613736425242,0.5877866649021191,1.205970806988609,1.085189268335969,3.3621099929541085,0.9439058989071283,1.911731500188675,Inner (NEA),Moderate-e,Asteroidal
386847 (2010 LR33),2010-06-06,18.0,0.029,0.91,2.48,2.2,5.84,Y,Apollo,1.695,0.463126843657817,4.07461625707025,False,0.02858745685191255,0.6471032420585385,1.247032293786383,1.1631508098056809,1.922787731634459,0.9913982043609604,1.899197233836812,Inner (NEA),Moderate-e,Asteroidal
381989 (2010 HR80),2010-04-28,19.9,0.104,0.68,2.02,1.56,26.71,N,Apollo,1.35,0.4962962962962962,4.642140036507464,False,0.09893994785490356,0.5187937934151676,1.1052568313867783,0.9400072584914712,3.321793358874887,0.8544153281560676,1.9807329039260333,Inner (NEA),Moderate-e,Asteroidal
369454 (2010 NZ1),2010-07-09,19.4,0.275,0.49,2.26,1.61,32.78,N,Apollo,1.375,0.6436363636363636,4.443575916130018,False,0.24294617861038947,0.3987761199573677,1.1817271953786161,0.959350221334602,3.5198689113796537,0.8649974374866045,1.952955138345335,Inner (NEA),High-e,Asteroidal
365449 (2010 NJ1),2010-07-03,20.3,0.155,0.44,1.49,0.95,11.23,N,Aten,0.965,0.5440414507772021,6.097669558408834,False,0.14410034397375687,0.36464311358790924,0.9122827104766162,0.6678293725756554,2.503891949699081,0.6754922453212245,2.1637347440560832,Inner (NEA),Moderate-e,Stable
365424 (2010 KX7),2010-05-16,21.9,0.034,0.82,1.16,0.98,21.49,Y,Aten,0.99,0.1717171717171717,6.052459700958688,False,0.033434776086237385,0.5988365010887039,0.7701082216960736,0.6830968447064438,3.1130707659712242,0.688134638736401,2.1585268100087593,Inner (NEA),Low-e,Stable
356394 (2010 QD2),2010-08-21,17.4,0.061,0.43,3.59,2.85,10.64,N,Apollo,2.01,0.7860696517412935,3.3424696679917663,False,0.05921185963184609,0.35767444427181594,1.5238800240724537,1.3480731482996928,2.454447442303292,1.1019400787607843,1.7831193838072872,Near-Jupiter,High-e,Transition
(2015 HF11),2015-04-17,19.2,0.225,1.22,2.93,2.99,34.89,N,Amor,2.075,0.4120481927710843,3.450259216087479,False,0.2029408439966903,0.7975071958841881,1.3686394258811698,1.3837912309017721,3.580458705159516,1.1233049012584813,1.8010779743164809,Near-Jupiter,Moderate-e,Transition
(2015 GK50),2015-04-05,20.5,0.237,1.03,5.12,5.39,19.07,N,Amor,3.075,0.665040650406504,2.7765982386470696,False,0.21268909341035083,0.7080357930536959,1.8115620965242347,1.8547342683894432,2.9992261628082466,1.404870746692826,1.6831550622389253,Near-Jupiter,High-e,JFC
(2015 GJ46),2015-04-11,19.3,0.238,0.67,5.06,4.85,18.22,N,Apollo,2.865,0.7661431064572426,2.7212412129392582,False,0.21349717426240433,0.5128236264286637,1.8017098000812228,1.766441661243765,2.955951403542146,1.3519616820393854,1.672817201055636,Near-Jupiter,High-e,JFC
(2015 FT344),2015-03-23,20.5,0.203,1.09,4.01,4.07,12.55,N,Amor,2.55,0.5725490196078432,3.1600488890375065,False,0.18481843699254183,0.7371640659767197,1.6114359150967734,1.6233408176030917,2.6063865473257097,1.2669476034873244,1.751972011984748,Near-Jupiter,Moderate-e,Transition
(2015 FD341),2015-03-27,18.0,0.124,0.31,1.6,0.93,20.55,N,Aten,0.955,0.675392670157068,6.036878306364452,False,0.11689375147149933,0.27002713721306015,0.9555114450274363,0.6575200029167942,3.0703758165497566,0.6703901934373291,2.1567256134456083,Inner (NEA),High-e,Stable
(2015 FU332),2015-03-31,17.3,0.269,0.67,4.59,4.27,36.11,N,Apollo,2.63,0.7452471482889734,2.7433910505396315,False,0.2382291887322506,0.5128236264286637,1.7209792871670078,1.6620303625532709,3.613886475072506,1.2892326482767593,1.6769664925710053,Near-Jupiter,High-e,JFC
(2015 FE120),2015-03-23,21.1,0.013,1.01,3.49,3.38,22.8,Y,Apollo,2.25,0.5511111111111112,3.3231027421848784,False,0.012916225266546328,0.6981347220709844,1.501852701754163,1.4770487243883548,3.169685580677429,1.178654996341646,1.7798582416141857,Near-Jupiter,Moderate-e,Transition
(2015 FY117),2015-03-20,21.2,0.15,1.14,2.9,2.87,24.33,N,Amor,2.02,0.4356435643564356,3.596636388202408,False,0.1397619423751587,0.76080582903376,1.3609765531356006,1.3532545070416904,3.2319894640135836,1.1052568313867783,1.8249604199962701,Near-Jupiter,Moderate-e,Asteroidal
(2015 DX198),2015-02-17,22.1,0.074,1.02,2.25,2.1,11.05,N,Amor,1.635,0.3761467889908256,4.200271620485559,False,0.07138999608667294,0.7030975114131134,1.178654996341646,1.1314021114911006,2.489064659936664,0.9688831819933257,1.9178317208170417,Inner (NEA),Moderate-e,Asteroidal
(2015 BY516),2015-01-30,22.3,0.139,0.97,3.77,3.66,12.71,N,Apollo,2.37,0.590717299578059,3.256855412384961,False,0.1301506844650451,0.6780335427498971,1.5623463049002497,1.5390154481375544,2.618125493574223,1.2149127443642702,1.7686219393750646,Near-Jupiter,Moderate-e,Transition
(2015 AK280),2015-01-15,21.8,0.049,0.79,4.53,4.33,11.37,Y,Apollo,2.66,0.7030075187969925,2.952224774602537,False,0.04783732941416012,0.5822156198526636,1.7101878155342434,1.673351238177753,2.5152741864043966,1.297463147413275,1.7152631427637677,Near-Jupiter,High-e,JFC
(2015 AY245),2015-01-14,21.2,0.019,1.0,1.25,1.2,13.59,Y,Apollo,1.125,0.1111111111111111,5.52083841297406,False,0.018821754240587758,0.6931471805599453,0.8109302162163288,0.7884573603642702,2.6803363625346943,0.7537718023763801,2.095161279393443,Inner (NEA),Low-e,Stable
(2015 AC17),2015-01-03,19.9,0.238,1.22,3.29,3.39,29.25,N,Amor,2.255,0.458980044345898,3.32691763050057,False,0.21349717426240433,0.7975071958841881,1.4562867329399256,1.47932922708708,3.4094961844768505,1.1801922756605325,1.7805014616061352,Near-Jupiter,Moderate-e,Transition
(2014 YR43),2014-12-26,19.5,0.303,0.97,4.0,3.92,26.46,N,Apollo,2.485,0.6096579476861168,3.073677771632032,False,0.26466929814270806,0.6780335427498971,1.6094379124341003,1.5933085305042167,3.312730400339825,1.2484680442124871,1.7368792056220943,Near-Jupiter,High-e,Transition
(2014 YS14),2014-12-24,21.1,0.127,0.84,4.09,3.87,18.29,N,Apollo,2.465,0.6592292089249493,3.0926547595192284,False,0.11955923505763925,0.6097655716208942,1.6272778305624314,1.5830939370944983,2.9595868269176377,1.2427126326418665,1.7402148956638008,Near-Jupiter,High-e,Transition
(2014 XX31),2014-12-11,17.5,0.475,0.36,5.28,4.73,35.78,N,Apollo,2.8200000000000003,0.8723404255319148,2.428137669614136,False,0.3886579897917831,0.3074846997479606,1.8373699804801074,1.745715530726648,3.6049542191761748,1.340250422618484,1.6162249877875796,Near-Jupiter,High-e,JFC
(2014 XX7),2014-12-10,19.7,0.183,1.17,4.64,4.94,36.71,N,Amor,2.905,0.5972461273666093,2.7511945595111293,False,0.16805358499624973,0.7747271675523681,1.7298840655099674,1.7817091333745536,3.6299253112702656,1.3622577832916491,1.6784242191089638,Near-Jupiter,Moderate-e,JFC
(2014 XQ7),2014-12-06,20.6,0.312,0.66,4.65,4.32,31.05,N,Apollo,2.655,0.751412429378531,2.7664213867844683,False,0.2715526905218973,0.5068176023684519,1.7316555451583495,1.671473303353553,3.467297183366679,1.2960960932017418,1.6812625469932105,Near-Jupiter,High-e,JFC
(2014 VP35),2014-11-14,23.3,0.026,0.95,1.98,1.78,9.17,N,Apollo,1.465,0.3515358361774744,4.530598242508644,False,0.025667746748577788,0.6678293725756554,1.091923300517313,1.0224509277025455,2.3194422100604686,0.9021918074946534,1.9652240535313297,Inner (NEA),Moderate-e,Asteroidal
(2014 UH210),2014-10-20,21.1,0.099,0.89,4.25,4.11,22.06,N,Apollo,2.57,0.6536964980544747,3.0094737941941063,False,0.09440067542148432,0.636576829071551,1.6582280766035322,1.631199404215613,3.138099514840913,1.2725655957915476,1.7255104946863056,Near-Jupiter,High-e,Transition
(2014 UF206),2014-10-31,18.8,0.136,1.11,3.74,3.78,48.05,N,Amor,2.4250000000000003,0.5422680412371134,2.9114429162838835,False,0.12751332029895962,0.7466879474879752,1.556037135706985,1.5644405465033646,3.8928401860113717,1.2311014717141886,1.7078987682592033,Near-Jupiter,Moderate-e,JFC
(2014 UG176),2014-10-25,21.5,0.16,0.78,4.62,4.44,16.3,N,Apollo,2.7,0.711111111111111,2.8984444247030288,False,0.14842000511827327,0.5766133643039938,1.7263316639055997,1.6937790608678513,2.8507065015037334,1.3083328196501787,1.7055400610599503,Near-Jupiter,High-e,JFC
(2014 TJ64),2014-10-07,21.2,0.154,1.05,4.19,4.24,14.91,N,Amor,2.62,0.5992366412213741,3.0829932508907607,False,0.14323416808590783,0.7178397931503168,1.6467336971777973,1.6563214983329508,2.7669478423496954,1.2864740258376797,1.7385180293141969,Near-Jupiter,Moderate-e,Transition
(2014 TF64),2014-10-05,20.1,0.131,0.94,2.29,2.05,52.66,N,Apollo,1.615,0.4179566563467493,3.8339802147653934,False,0.1231021971339834,0.6626879730752367,1.1908875647772805,1.11514159061932,3.982667844997478,0.9612640975168862,1.8625119784692388,Inner (NEA),Moderate-e,Asteroidal
(2014 TW57),2014-10-10,20.1,0.062,0.57,3.78,3.21,6.75,N,Apollo,2.175,0.7379310344827587,3.2576890392058235,False,0.060153922819747095,0.4510756193602166,1.5644405465033646,1.43746264769429,2.0476928433652555,1.155307632344655,1.7687641192264263,Near-Jupiter,High-e,Transition
(2014 SR339),2014-09-30,18.6,0.036,0.9,1.69,1.48,29.79,Y,Apollo,1.295,0.305019305019305,4.840348765907443,False,0.03536714383729131,0.6418538861723948,0.9895411936137477,0.9082585601768908,3.427189961936409,0.8307328435125084,2.0077121474103383,Inner (NEA),Moderate-e,Asteroidal
(2014 RH12),2014-09-03,23.5,0.045,1.01,3.35,3.22,7.23,N,Apollo,2.18,0.5366972477064219,3.4692886111682366,False,0.04401688541677432,0.6981347220709844,1.4701758451005926,1.4398351280479205,2.1077860146889784,1.1568811967920856,1.8042151969516436,Near-Jupiter,Moderate-e,Transition
(2014 QK433),2014-08-28,18.2,0.18,1.19,4.78,5.16,39.22,N,Amor,2.9850000000000003,0.6013400335008375,2.680016892412609,False,0.16551443847757338,0.7839015438284094,1.7544036826842861,1.8180767775454283,3.6943643843445058,1.3825373122421785,1.6650485776388473,Near-Jupiter,High-e,JFC
(2014 PP69),2014-08-05,20.0,1.617,1.25,41.78,99.82,93.63,N,Amor,21.515,0.941900999302812,0.155177066439707,False,0.9620286235480088,0.8109302162163288,3.7560707036542595,4.6133367486544845,4.549974550520141,3.114181753753535,1.015625600125662,Main Belt,Very-high-e,HTC/Parabolic
(2014 PF68),2014-08-15,18.2,0.17,1.17,4.53,4.81,22.75,N,Amor,2.85,0.5894736842105264,2.927556295462277,False,0.15700374880966475,0.7747271675523681,1.7101878155342434,1.7595805708638197,3.16758253048065,1.3480731482996928,1.7108150011943362,Near-Jupiter,Moderate-e,JFC
(2014 PC68),2014-08-08,20.4,0.104,1.09,1.95,1.87,40.68,N,Amor,1.52,0.2828947368421052,4.20757956553165,False,0.09893994785490356,0.7371640659767197,1.0818051703517284,1.0543120297715298,3.7300213974451113,0.9242589015233319,1.9189048660185128,Inner (NEA),Low-e,Asteroidal
(2014 OZ1),2014-07-20,21.0,0.231,1.08,2.35,2.24,18.0,N,Amor,1.715,0.3702623906705539,4.046795054416613,False,0.20782684720231645,0.7323678937132266,1.208960345836975,1.1755733298042381,2.9444389791664403,0.9987919533858988,1.8950240174090096,Inner (NEA),Moderate-e,Asteroidal
(2014 OY1),2014-07-21,19.1,0.042,0.97,4.19,4.14,23.01,Y,Apollo,2.58,0.6240310077519381,3.028727366143145,False,0.04114194333117518,0.6780335427498971,1.6467336971777973,1.6370530794670737,3.178470410233162,1.275362800412609,1.7289333469213222,Near-Jupiter,High-e,Transition
(2014 NM64),2014-07-11,22.6,0.051,1.06,4.62,4.79,28.78,N,Amor,2.84,0.6267605633802817,2.840430548790708,False,0.04974209189481408,0.7227059828014897,1.7263316639055997,1.7561322915849038,3.393837027255863,1.3454723665996353,1.6949444987425688,Near-Jupiter,High-e,JFC
(2014 NE64),2014-07-07,18.8,0.39,1.2,3.01,3.06,41.63,N,Amor,2.105,0.4299287410926365,3.3290424721033487,False,0.32930374714260036,0.7884573603642702,1.3887912413184778,1.4011829736136412,3.752558230777119,1.133013715385442,1.7808595471936037,Near-Jupiter,Moderate-e,Transition
(2014 NC64),2014-07-13,20.2,0.196,0.8,3.57,3.23,22.68,N,Apollo,2.185,0.6338672768878717,3.305049428932157,False,0.17898265552844,0.5877866649021191,1.5195132049061133,1.4422019930581866,3.164630810015805,1.1584522890241267,1.7768086875374702,Near-Jupiter,High-e,Transition
(2014 NF3),2014-07-01,20.8,0.215,0.66,1.94,1.48,13.53,N,Apollo,1.3,0.4923076923076922,4.846264923350921,False,0.19474407679251177,0.5068176023684519,1.0784095813505903,0.9082585601768908,2.6762154775821916,0.832909122935104,2.0085063456989243,Inner (NEA),Moderate-e,Asteroidal
C/2014 N3 (NEOWISE),2014-07-04,20.3,2.888,3.88,16441.51,745640.58,61.63,Unknown,Comet,8222.695,0.9995281352403316,1.1614154912889425,True,1.3578948865981926,1.5851452198650557,9.707625333355342,13.52200030796597,4.137244396537321,9.014774900431346,1.3263661615389155,Extreme,Very-high-e,HTC/Parabolic
(2014 MQ18),2014-06-22,15.6,0.192,1.16,4.63,4.93,35.09,N,Amor,2.895,0.5993091537132987,2.773684164546542,False,0.17563256864315802,0.7701082216960736,1.7281094421515988,1.780024213009634,3.586015818654697,1.3596936793227115,1.6826135188920917,Near-Jupiter,Moderate-e,JFC
(2014 LQ25),2014-06-08,20.0,0.099,0.65,3.39,2.88,33.57,N,Apollo,2.02,0.6782178217821783,3.337502657335636,False,0.09440067542148432,0.5007752879124893,1.47932922708708,1.355835153635182,3.542986253933533,1.1052568313867783,1.7822840163210183,Near-Jupiter,High-e,Transition
P/2014 L2 (NEOWISE),2014-06-07,20.3,1.224,2.23,10.42,15.91,5.18,Unknown,Jupiter-family Comet,6.325,0.6474308300395256,2.4963332729848284,False,0.7993073763883359,1.172482137234565,2.435366204227864,2.827905162910489,1.8213182714695992,1.991293154903131,1.6296809137505839,Main Belt,High-e,JFC
(2014 JN57),2014-05-11,20.6,0.051,1.03,1.45,1.39,28.59,N,Amor,1.24,0.1693548387096773,5.038725071316718,False,0.04974209189481408,0.7080357930536959,0.8960880245566356,0.8712933659434192,3.3874364664121184,0.8064758658669484,2.034004513268056,Inner (NEA),Low-e,Stable
(2014 JH57),2014-05-10,16.2,0.418,0.43,6.27,6.13,26.54,N,Apollo,3.35,0.8716417910447762,2.256143404587224,False,0.3492474281099357,0.35767444427181594,1.9837562915454279,1.9643112344262046,3.3156394933005084,1.4701758451005926,1.5814615034894741,Near-Jupiter,High-e,JFC
(2014 JL25),2014-05-04,23.0,0.012,1.0,4.8,4.94,15.75,N,Apollo,2.9,0.6551724137931034,2.879105093820021,False,0.011928570865273802,0.6931471805599453,1.7578579175523736,1.7817091333745536,2.8183982582710754,1.3609765531356006,1.702020416042732,Near-Jupiter,High-e,JFC
(2014 HJ129),2014-04-24,21.1,0.212,1.13,4.04,4.16,8.44,N,Amor,2.585,0.562862669245648,3.16452479098348,False,0.1922718876471227,0.7561219797213337,1.6174060820832772,1.6409365794934714,2.244955980157409,1.2767584740515836,1.7527479736702858,Near-Jupiter,Moderate-e,Transition
(2014 HQ124),2014-04-23,18.9,0.007,0.63,1.07,0.78,26.37,Y,Aten,0.8500000000000001,0.2588235294117647,6.817427995090505,False,0.006975613736425242,0.48858001481867097,0.7275486072772777,0.5766133643039938,3.3094475230525875,0.6151856390902335,2.2431897098005584,Inner (NEA),Low-e,Stable
(2014 EQ49),2014-03-15,21.8,0.026,0.91,1.39,1.23,15.18,Y,Apollo,1.15,0.208695652173913,5.40947423959869,False,0.025667746748577788,0.6471032420585385,0.8712933659434192,0.8020015854720274,2.7837759116303453,0.7654678421395714,2.081363115362716,Inner (NEA),Low-e,Stable
(2014 EN45),2014-03-06,21.2,0.156,1.06,3.83,3.82,14.03,N,Amor,2.4450000000000003,0.5664621676891615,3.2232387068806823,False,0.14496577025018573,0.7227059828014897,1.5748464676644813,1.5727739280625088,2.710048203764883,1.236923904465622,1.7628715071015246,Near-Jupiter,Moderate-e,Transition
(2014 ED),2014-03-01,19.3,0.365,0.56,2.53,1.92,21.77,N,Apollo,1.545,0.6375404530744336,4.145677680225356,False,0.311154428636923,0.4446858212614457,1.2612978709452052,1.0715836162801904,3.125443880075648,0.934130650002486,1.9097781525745752,Inner (NEA),High-e,Asteroidal
(2014 CF14),2014-02-07,18.1,0.149,0.82,3.17,2.83,29.41,N,Apollo,1.995,0.5889724310776943,3.478634719358752,False,0.13889199886661863,0.5988365010887039,1.42791603581071,1.3428648031925545,3.4147715016892732,1.0969442315674127,1.805752417757507,Inner (NEA),Moderate-e,Transition
(2014 CY4),2014-02-04,21.1,0.042,0.48,4.82,4.32,15.02,Y,Apollo,2.6500000000000004,0.8188679245283017,2.75376731268154,False,0.04114194333117518,0.3920420877760237,1.7613002617433464,1.671473303353553,2.7738379416402132,1.2947271675944,1.6789043542368633,Near-Jupiter,High-e,JFC
C/2014 C3 (NEOWISE),2014-02-14,20.3,0.866,1.86,214.97,1128.89,151.78,Unknown,Comet,108.415,0.9828437024396992,-1.4361704104397102,True,0.6237971024251521,1.0508216248317612,5.375139509149321,7.029875561835298,5.028998978113213,4.695147992106323,0.1567838260568639,Extreme,Very-high-e,
(2014 BE63),2014-01-23,23.2,0.133,0.75,3.48,3.08,8.59,N,Apollo,2.115,0.6453900709219857,3.4220011257052203,False,0.12486898204586927,0.5596157879354227,1.4996230464268938,1.4060969884160703,2.2607208888953467,1.1362291522394166,1.796401056180034,Near-Jupiter,High-e,Transition
(2014 BG60),2014-01-25,20.1,0.227,1.17,4.89,5.27,8.61,N,Amor,3.03,0.6138613861386139,2.907776293990664,False,0.20457216572877437,0.7747271675523681,1.7732559976634952,1.8357763546448291,2.262804222982201,1.3937663759585914,1.7072339858614287,Near-Jupiter,High-e,JFC
(2014 AA53),2014-01-13,19.8,0.14,0.78,3.97,3.66,12.45,N,Apollo,2.375,0.6715789473684212,3.1673961697881783,False,0.1310282624064041,0.5766133643039938,1.6034198401085373,1.5390154481375544,2.5989791060478478,1.2163953243244932,1.7532454514492848,Near-Jupiter,High-e,Transition
(2014 AQ46),2014-01-02,20.1,0.205,1.13,3.7,3.75,24.6,N,Amor,2.415,0.5320910973084887,3.202477319164309,False,0.1864795669426183,0.7561219797213337,1.547562508716013,1.55814461804655,3.242592351485517,1.2281774930227534,1.7593035012056473,Near-Jupiter,Moderate-e,Transition
(2013 YP139),2013-12-29,21.6,0.004,0.76,4.05,3.73,0.82,Y,Apollo,2.405,0.6839916839916841,3.1542739564650843,False,0.003992021269537453,0.5653138090500605,1.6193882432872684,1.5539252025038415,0.5988365010887039,1.2252449396014755,1.750969954315065,Near-Jupiter,High-e,Transition
(2011 BN59),2011-01-29,20.4,0.326,1.16,4.97,5.36,20.32,N,Amor,3.065,0.6215334420880912,2.82459105092595,False,0.28216689176367077,0.7701082216960736,1.7867469274045107,1.8500283773520307,3.0596455992976437,1.4024137429997738,1.6920319804710022,Near-Jupiter,High-e,JFC
(2011 BY24),2011-01-24,22.6,0.017,0.96,2.83,2.6,13.95,N,Apollo,1.895,0.4934036939313984,3.763243547231675,False,0.016857117066422896,0.6729444732424258,1.3428648031925545,1.2809338454620642,2.704711299836695,1.0629851110249586,1.8514670709206433,Inner (NEA),Moderate-e,Asteroidal
(2010 YD3),2010-12-26,20.0,0.195,1.11,4.05,4.14,24.61,N,Amor,2.58,0.569767441860465,3.068070113460677,False,0.178146185383474,0.7466879474879752,1.6193882432872684,1.6370530794670737,3.242982900211434,1.275362800412609,1.735891383011071,Near-Jupiter,Moderate-e,Transition
(2010 YC1),2010-12-21,21.3,0.163,0.83,2.0,1.68,17.66,N,Apollo,1.415,0.4134275618374557,4.580100934375999,False,0.1510028735365274,0.6043159668533296,1.0986122886681096,0.9858167945227652,2.9263821954191975,0.8816992871045359,1.9721366457569012,Inner (NEA),Moderate-e,Asteroidal
(2010 XY82),2010-12-14,19.1,0.294,1.12,3.26,3.24,26.73,N,Amor,2.19,0.4885844748858446,3.3858728320256706,False,0.2577381960787088,0.7514160886839211,1.449269160281279,1.4445632692438664,3.3225148596276863,1.160020916796753,1.7903895248053292,Near-Jupiter,Moderate-e,Transition
(2010 XP69),2010-12-08,21.4,0.015,1.0,2.05,1.88,14.6,Y,Apollo,1.525,0.3442622950819671,4.393881587132684,False,0.014888612493750654,0.6931471805599453,1.11514159061932,1.0577902941478545,2.747270914255491,0.9262410627273231,1.945880822374385,Inner (NEA),Moderate-e,Asteroidal
(2010 XZ67),2010-12-10,19.7,0.063,1.04,3.08,2.96,11.84,N,Amor,2.06,0.4951456310679611,3.594674432827081,False,0.06109509935981088,0.712949807856125,1.4060969884160703,1.3762440252663892,2.5525652982618148,1.1184149159642893,1.8246440556153631,Near-Jupiter,Moderate-e,Asteroidal
(2010 WE9),2010-11-23,20.0,0.256,1.17,1.94,1.94,42.12,N,Amor,1.555,0.247588424437299,4.130028127365348,False,0.22793206804600694,0.7747271675523681,1.0784095813505903,1.0784095813505903,3.7639869266007415,0.9380522236556676,1.9074575560700997,Inner (NEA),Low-e,Asteroidal
(2010 UB8),2010-10-27,19.7,0.194,1.11,4.85,5.15,30.97,N,Amor,2.98,0.6275167785234899,2.755741922981457,False,0.17730901497041035,0.7466879474879752,1.766441661243765,1.8164520818184264,3.46479796307175,1.3812818192963463,1.6792727057959336,Near-Jupiter,High-e,JFC
(2010 UY6),2010-10-23,20.1,0.062,1.04,4.28,4.34,19.98,N,Amor,2.66,0.6090225563909775,3.0211568075323423,False,0.060153922819747095,0.712949807856125,1.66392609771817,1.6752256529721032,3.043569602968151,1.297463147413275,1.727588869135825,Near-Jupiter,High-e,Transition
(2010 TK7),2010-10-01,20.8,0.087,0.81,1.19,1.0,20.89,N,Aten,1.0,0.1899999999999999,6.004479893346159,False,0.08342160813907239,0.5933268452777344,0.7839015438284094,0.6931471805599453,3.0860299115347716,0.6931471805599453,2.152969964605403,Inner (NEA),Low-e,Stable
(2010 QA5),2010-08-29,22.5,0.065,1.07,4.76,4.97,33.45,N,Amor,2.915,0.6329331046312178,2.7511774456846343,False,0.06297479916138844,0.7275486072772777,1.7509374747077997,1.7867469274045107,3.5395089974596674,1.3648153294427663,1.6784210245019433,Near-Jupiter,High-e,JFC
(2010 QE2),2010-08-25,17.2,0.056,0.88,5.86,6.19,64.75,N,Apollo,3.37,0.738872403560831,2.005825846512257,False,0.054488185284069734,0.6312717768418579,1.9257074417377937,1.9726911717329554,4.185859671057874,1.4747630091074988,1.5286050040192123,Near-Jupiter,High-e,JFC
(2010 PY75),2010-08-15,18.7,0.243,0.6,4.72,4.34,31.29,N,Apollo,2.66,0.774436090225564,2.7282287769380624,False,0.21752781252857403,0.4700036292457355,1.7439688053917064,1.6752256529721032,3.4747575847701837,1.297463147413275,1.6741280294646288,Near-Jupiter,High-e,JFC
(2010 PU66),2010-08-03,22.1,0.148,0.91,2.07,1.81,18.09,N,Apollo,1.49,0.3892617449664428,4.427333287288193,False,0.13802129789737466,0.6471032420585385,1.1216775615991057,1.0331844833456543,2.949164637737656,0.9122827104766162,1.9506483938796144,Inner (NEA),Moderate-e,Asteroidal
(2010 PW58),2010-08-05,21.3,0.021,0.7,1.08,0.84,14.24,Y,Aten,0.89,0.2134831460674157,6.626199726092581,False,0.020782539182528502,0.5306282510621704,0.7323678937132266,0.6097655716208942,2.7239235502585,0.636576829071551,2.2226879340414993,Inner (NEA),Low-e,Stable
(2010 PP58),2010-08-05,22.1,0.014,0.99,3.0,2.81,4.55,N,Apollo,1.995,0.5037593984962405,3.6732702218181377,False,0.013902905168991422,0.688134638736401,1.3862943611198906,1.3376291891386096,1.713797927758343,1.0969442315674127,1.8372399323632487,Inner (NEA),Moderate-e,Asteroidal
(2010 PM58),2010-08-01,20.9,0.096,0.74,2.0,1.61,13.6,N,Apollo,1.37,0.4598540145985401,4.681649031341438,False,0.0916671885258238,0.5538851132264376,1.0986122886681096,0.959350221334602,2.6810215287142904,0.8628899551470398,1.9861690813764135,Inner (NEA),Moderate-e,Asteroidal
P/2010 P4 (WISE),2010-08-06,20.3,0.854,1.86,5.55,7.13,24.1,Unknown,Jupiter-family Comet,3.705,0.4979757085020242,2.739886020836246,False,0.6173454671436633,1.0508216248317612,1.8794650496471603,2.0955609235597192,3.222867846137738,1.548625773037343,1.6763110468551758,Near-Jupiter,Moderate-e,JFC
(2010 OK126),2010-07-30,20.7,0.149,1.08,2.83,2.74,52.56,N,Amor,1.955,0.4475703324808184,3.3265210207028657,False,0.13889199886661863,0.7323678937132266,1.3428648031925545,1.3190856114264407,3.9808025208229716,1.0834986508580615,1.7804346093612204,Inner (NEA),Moderate-e,Transition
(2010 OH126),2010-07-31,21.4,0.068,0.95,2.85,2.62,14.38,N,Apollo,1.9,0.5000000000000001,3.751013988248399,False,0.06578774053800311,0.6678293725756554,1.3480731482996928,1.2864740258376797,2.733067964077498,1.0647107369924282,1.8495451029458678,Inner (NEA),Moderate-e,Asteroidal
(2010 ON101),2010-07-30,20.2,0.044,0.96,2.3,2.08,9.31,Y,Apollo,1.63,0.411042944785276,4.19752223642177,False,0.04305948946044697,0.6729444732424258,1.1939224684724343,1.1249295969854831,2.3331142980288684,0.9669838461896731,1.9174276854247336,Inner (NEA),Moderate-e,Asteroidal
(2010 OL101),2010-07-27,20.4,0.298,1.05,4.17,4.22,26.11,N,Amor,2.61,0.5977011494252874,3.0123914352235586,False,0.26082461828189824,0.7178397931503168,1.6428726885203377,1.6524974018945473,3.299902663510574,1.2837077723447894,1.7260299394473204,Near-Jupiter,Moderate-e,Transition
(2010 OF101),2010-07-23,19.6,0.062,0.64,1.26,0.93,23.37,N,Aten,0.95,0.3263157894736842,6.215449821757862,False,0.060153922819747095,0.49469624183610705,0.8153648132841945,0.6575200029167942,3.193352867637115,0.6678293725756554,2.177176387657201,Inner (NEA),Moderate-e,Stable
(2010 OD101),2010-07-23,20.7,0.19,1.04,2.2,2.06,15.39,N,Amor,1.62,0.3580246913580247,4.214815565842949,False,0.173953307123438,0.712949807856125,1.1631508098056809,1.1184149159642893,2.796671392755738,0.9631743177730054,1.9199663129150994,Inner (NEA),Moderate-e,Asteroidal
(2010 OC101),2010-07-22,20.7,0.092,0.94,1.5,1.35,13.6,N,Apollo,1.22,0.2295081967213115,5.178740922177819,False,0.0880108773227133,0.6626879730752367,0.916290731874155,0.8544153281560676,2.6810215287142904,0.7975071958841881,2.052154366442283,Inner (NEA),Low-e,Stable
(2010 OL100),2010-07-28,19.6,0.129,0.78,3.74,3.4,22.16,N,Apollo,2.26,0.654867256637168,3.223734923576658,False,0.12133228516752498,0.5766133643039938,1.556037135706985,1.4816045409242153,3.1424266527047946,1.1817271953786161,1.7629566302190005,Near-Jupiter,High-e,Transition
(2010 OE22),2010-07-17,21.3,0.178,0.97,4.31,4.28,14.32,N,Apollo,2.64,0.6325757575757577,3.0391039644232807,False,0.16381808522939495,0.6780335427498971,1.6695918352538472,1.66392609771817,2.729159164312445,1.2919836816486492,1.7307732256810548,Near-Jupiter,High-e,Transition
(2010 NY65),2010-07-14,21.4,0.017,0.63,1.37,1.0,11.74,Y,Aten,1.0,0.37,5.997769640115202,False,0.016857117066422896,0.48858001481867097,0.8628899551470398,0.6931471805599453,2.5447466501440172,0.6931471805599453,2.152190340575389,Inner (NEA),Moderate-e,Stable
(2010 NG3),2010-07-08,17.2,0.127,1.13,4.08,4.2,26.96,N,Amor,2.605,0.5662188099808062,3.036150836096917,False,0.11955923505763925,0.7561219797213337,1.6253112615903904,1.6486586255873816,3.3307749173656096,1.2823217707369123,1.730249949844126,Near-Jupiter,Moderate-e,Transition
(2010 NB2),2010-07-10,20.3,0.102,0.5,3.67,3.01,28.66,N,Apollo,2.085,0.7601918465227818,3.215994748203024,False,0.09712671073072274,0.4054651081081644,1.541159071680806,1.3887912413184778,3.389799336709786,1.126551657357351,1.7616280219955642,Near-Jupiter,High-e,Transition
(2010 NU1),2010-07-06,21.2,0.336,0.48,4.33,3.74,34.58,N,Apollo,2.405,0.8004158004158004,2.833454487126664,False,0.289680075114454,0.3920420877760237,1.673351238177753,1.556037135706985,3.571783682237689,1.2252449396014755,1.693662807095504,Near-Jupiter,High-e,JFC
(2010 NT1),2010-07-04,19.4,0.208,1.14,1.78,1.76,39.52,N,Amor,1.46,0.2191780821917808,4.35926260766291,False,0.1889660995126232,0.76080582903376,1.0224509277025455,1.0152306797290587,3.7017956793804827,0.9001613499442713,1.9409228383239274,Inner (NEA),Low-e,Asteroidal
(2010 NG1),2010-07-02,20.4,0.081,0.57,1.13,0.78,24.74,N,Aten,0.8499999999999999,0.3294117647058823,6.81104854648602,False,0.07788653865707124,0.4510756193602166,0.7561219797213337,0.5766133643039938,3.2480462021679806,0.6151856390902334,2.242512496815599,Inner (NEA),Moderate-e,Stable
P/2010 N1 (WISE),2010-07-05,20.3,0.491,1.49,4.92,5.74,12.88,Unknown,Jupiter-family Comet,3.205,0.5351014040561622,2.9155375202197247,False,0.3994470357826013,0.9122827104766162,1.7783364488959141,1.9080599249242156,2.6304489550786583,1.4362742934249113,1.7086406245552443,Near-Jupiter,Moderate-e,JFC
(2010 MA113),2010-06-25,19.2,0.081,0.89,3.68,3.46,39.85,N,Apollo,2.285,0.6105032822757112,3.081849557993835,False,0.07788653865707124,0.636576829071551,1.5432981099295553,1.4951487660319727,3.709906821306012,1.1893666519365738,1.7383169699541976,Near-Jupiter,High-e,Transition
(2010 MZ112),2010-06-23,19.8,0.221,0.49,3.06,2.36,30.18,N,Apollo,1.775,0.7239436619718311,3.626409239931519,False,0.19967019512856762,0.3987761199573677,1.4011829736136412,1.2119409739751128,3.43977686362963,1.0206507471983977,1.8297490352541064,Inner (NEA),High-e,Asteroidal
(2010 MY112),2010-06-23,21.0,0.156,0.8,1.33,1.1,38.49,N,Apollo,1.065,0.2488262910798122,5.568794778662541,False,0.14496577025018573,0.5877866649021191,0.8458682675776092,0.7419373447293773,3.676047475298558,0.7251302264129961,2.101044986209027,Inner (NEA),Low-e,Stable
(2010 MU112),2010-06-30,20.7,0.0002,0.81,2.71,2.33,48.02,Y,Apollo,1.76,0.5397727272727273,3.609696766348234,False,0.00019998000266626675,0.5933268452777344,1.3110318766193436,1.2029723039923523,3.8922283780999667,1.0152306797290587,1.8270638529652152,Inner (NEA),Moderate-e,Asteroidal
(2010 MU111),2010-06-23,18.7,0.059,0.92,3.86,3.7,41.53,N,Apollo,2.39,0.6150627615062761,2.976067185984021,False,0.05732506661926941,0.6523251860396901,1.5810384379124023,1.547562508716013,3.750209709265542,1.2208299213923588,1.7195436086111369,Near-Jupiter,High-e,JFC
(2010 MR87),2010-06-22,19.5,0.15,1.06,2.41,2.28,34.98,N,Amor,1.735,0.3890489913544668,3.869106475796234,False,0.1397619423751587,0.7227059828014897,1.2267122912954254,1.1878434223960523,3.5829632285223867,1.0061314358739444,1.8679516353659154,Inner (NEA),Moderate-e,Asteroidal
(2010 LU134),2010-06-14,19.5,0.146,0.86,2.93,2.61,27.39,N,Apollo,1.895,0.5461741424802111,3.6420475365388265,False,0.1362776182925478,0.6205764877251099,1.3686394258811698,1.2837077723447894,3.34603697048488,1.0629851110249586,1.8322551170069734,Inner (NEA),Moderate-e,Asteroidal
(2010 LV108),2010-06-14,22.6,0.006,1.01,4.55,4.64,5.43,N,Apollo,2.78,0.6366906474820144,2.993088124009178,False,0.005982071677547464,0.6981347220709844,1.713797927758343,1.7298840655099674,1.860974538249528,1.3297240096314962,1.722588234178154,Near-Jupiter,High-e,JFC
(2010 LU108),2010-06-15,20.0,0.126,0.41,4.08,3.35,9.51,N,Apollo,2.245,0.8173719376391981,3.0629343015457544,False,0.11867152971749864,0.34358970439007686,1.6253112615903904,1.4701758451005926,2.3523271848888596,1.1771153501560532,1.7349858220600451,Near-Jupiter,High-e,Transition
(2010 LT108),2010-06-13,19.7,0.138,0.85,1.85,1.57,31.87,N,Apollo,1.35,0.3703703703703703,4.655732238733912,False,0.12927233570413918,0.6151856390902334,1.0473189942805592,0.9439058989071284,3.4925603876761278,0.8544153281560676,1.982606437848322,Inner (NEA),Moderate-e,Asteroidal
(2010 LO97),2010-06-13,18.7,0.233,1.22,3.94,4.14,21.65,N,Amor,2.58,0.5271317829457364,3.1281954781643653,False,0.20945022418220724,0.7975071958841881,1.597365331199831,1.6370530794670737,3.120159851929043,1.275362800412609,1.7464323082087883,Near-Jupiter,Moderate-e,Transition
(2010 LF86),2010-06-11,17.2,0.318,1.3,3.51,3.73,13.55,N,Amor,2.405,0.4594594594594595,3.336617133219185,False,0.27611543608031547,0.832909122935104,1.5062971535145868,1.5539252025038415,2.6775909936175015,1.2252449396014755,1.7821350127643043,Near-Jupiter,Moderate-e,Transition
(2010 LR68),2010-06-08,18.3,0.216,1.19,4.88,5.29,4.58,N,Amor,3.035,0.6079077429983525,2.922670247036002,False,0.19556678354397525,0.7839015438284094,1.7715567619105355,1.8389610707123492,1.7191887763932194,1.395006301721912,1.709931612038265,Near-Jupiter,High-e,JFC
(2010 LL68),2010-06-12,22.9,0.139,0.98,3.16,2.99,10.48,N,Apollo,2.0700000000000003,0.5265700483091788,3.566935104344016,False,0.1301506844650451,0.6830968447064438,1.425515074273172,1.3837912309017721,2.4406063908914204,1.121677561599106,1.8201603575684626,Near-Jupiter,Moderate-e,Asteroidal
(2010 LK68),2010-06-12,22.5,0.025,0.61,1.73,1.27,22.08,N,Apollo,1.17,0.4786324786324787,5.2163136818820295,False,0.0246926125903715,0.47623417899637155,1.0043016091968684,0.8197798314933114,3.138966441639899,0.7747271675523681,2.056969272460234,Inner (NEA),Moderate-e,Stable
(2010 LJ68),2010-06-11,22.7,0.031,0.97,2.54,2.32,17.01,N,Apollo,1.755,0.4472934472934473,3.95668660710041,False,0.03052920503482287,0.6780335427498971,1.264126727145683,1.199964782928397,2.8909271591878647,1.0134174426048776,1.8813868257011335,Inner (NEA),Moderate-e,Asteroidal
(2010 LG64),2010-06-05,20.2,0.043,1.04,4.3,4.36,42.28,Y,Amor,2.67,0.6104868913857677,2.78736704377428,False,0.04210117601863539,0.712949807856125,1.667706820558076,1.6789639750827106,3.767690634538226,1.3001916620664788,1.6851537662174765,Near-Jupiter,High-e,JFC
(2010 LF64),2010-06-03,21.6,0.192,1.13,1.59,1.59,18.54,N,Amor,1.36,0.1691176470588236,4.779295621048995,False,0.17563256864315802,0.7561219797213337,0.9516578757114464,0.9516578757114464,2.9724636466146364,0.8586616190375187,1.999479182362447,Inner (NEA),Low-e,Asteroidal
(2010 LJ61),2010-06-08,20.9,0.054,0.57,1.59,1.12,10.24,N,Apollo,1.08,0.4722222222222222,5.605455568080648,False,0.05259245011917059,0.4510756193602166,0.9516578757114464,0.7514160886839211,2.419478844465545,0.7323678937132266,2.1055196205551865,Inner (NEA),Moderate-e,Stable
(2010 LQ33),2010-06-04,19.3,0.228,1.23,3.31,3.42,24.63,N,Amor,2.27,0.4581497797356828,3.358461677547916,False,0.2053868297249507,0.8020015854720274,1.4609379041156565,1.4861396960896067,3.2437635403759795,1.184789984909162,1.7858042397733933,Near-Jupiter,Moderate-e,Transition
(2010 LM14),2010-06-02,21.5,0.312,0.69,1.53,1.17,25.92,N,Apollo,1.11,0.3783783783783784,5.453978984140456,False,0.2715526905218973,0.524728528934982,0.9282193027394289,0.7747271675523681,3.292869504776527,0.7466879474879752,2.0869001709762753,Inner (NEA),Moderate-e,Stable
(2010 LH14),2010-06-02,22.0,0.054,0.93,3.46,3.26,4.66,N,Apollo,2.195,0.5763097949886105,3.427427201755075,False,0.05259245011917059,0.6575200029167942,1.4951487660319727,1.449269160281279,1.7334238922150915,1.161587087829498,1.7973008094150509,Near-Jupiter,Moderate-e,Transition
C/2010 L5 (WISE),2010-06-14,20.3,0.114,0.79,15.64,23.56,147.05,Unknown,Halley-type Comet*,8.215,0.9038344491783324,-0.269608278948281,False,0.10795714150509228,0.5822156198526636,2.8118094353930623,3.2011191032789417,4.997550054547601,2.2208325911217863,0.8485705573772881,Main Belt,Very-high-e,
C/2010 L4 (WISE),2010-06-15,20.3,2.53,2.83,157.36,716.78,102.82,Unknown,Comet,80.09500000000001,0.9646669579873898,-0.3939596441697888,True,1.2612978709452052,1.3428648031925545,5.06487092223793,6.576163115410868,4.642658630399083,4.395621306939653,0.7938760549313869,Outer,Very-high-e,
245P/WISE,2010-06-02,20.3,1.172,2.14,5.88,8.04,21.09,Unknown,Jupiter-family Comet,4.01,0.4663341645885286,2.746333946121408,False,0.775648402071689,1.144222799920162,1.9286186519452522,2.2016591744040848,3.0951250174320255,1.6114359150967734,1.677516486788828,Near-Jupiter,Moderate-e,JFC
(2010 KY127),2010-05-31,17.0,0.703,0.3,4.7,3.95,60.29,N,Apollo,2.5,0.8800000000000001,2.4064436080348486,False,0.5323914016805512,0.262364264467491,1.7404661748405044,1.599387576580599,4.11561669749764,1.252762968495368,1.6119062111062001,Near-Jupiter,High-e,JFC
(2010 KK127),2010-05-21,20.7,0.282,1.28,3.18,3.33,6.94,N,Amor,2.23,0.4260089686098655,3.5080915721427406,False,0.24842135849847827,0.8241754429663494,1.430311246536665,1.4655675420143985,2.0719132752590443,1.172482137234565,1.8105819924009148,Near-Jupiter,Moderate-e,Asteroidal
(2010 KZ117),2010-05-18,19.2,0.166,1.1,3.43,3.42,33.17,N,Amor,2.265,0.5143487858719646,3.243328153366029,False,0.15357908792830063,0.7419373447293773,1.4883995840570443,1.4861396960896067,3.5313480661272005,1.1832597627283943,1.7663119575295265,Near-Jupiter,Moderate-e,Transition
(2010 KB61),2010-05-26,20.5,0.051,0.98,1.57,1.44,44.6,N,Apollo,1.275,0.2313725490196078,4.764443788539324,False,0.04974209189481408,0.6830968447064438,0.9439058989071284,0.8919980393051105,3.8199077165203406,0.8219800524029137,1.9974661334750712,Inner (NEA),Low-e,Asteroidal
(2010 KY39),2010-05-18,20.1,0.303,1.05,2.43,2.3,25.51,N,Amor,1.7400000000000002,0.396551724137931,3.9470310292711472,False,0.26466929814270806,0.7178397931503168,1.2325602611778486,1.1939224684724343,3.277522020300934,1.007957920399979,1.879914438486201,Inner (NEA),Moderate-e,Asteroidal
C/2010 KW7 (WISE),2010-05-16,20.3,1.625,2.57,197.11,997.65,147.06,Unknown,Comet,99.84,0.9742588141025642,-1.6059121291109792,True,0.965080896043587,1.2725655957915476,5.288822431986235,6.906404366911181,4.997617597014952,4.613535102319719,9.999994999180668e-07,Outer,Very-high-e,
317P/WISE,2010-05-27,20.3,0.204,1.2,4.65,5.01,10.65,Unknown,Jupiter-family Comet,2.9250000000000003,0.5897435897435898,2.9682968138582053,False,0.1856493468866293,0.7884573603642702,1.7316555451583495,1.7934247485471162,2.4553061800117097,1.3673663512343717,1.7181505930381498,Near-Jupiter,Moderate-e,JFC
(2010 KH),2010-05-16,19.4,0.367,1.24,4.28,4.59,14.57,N,Amor,2.76,0.5507246376811594,3.06115031565884,False,0.31261855774181246,0.8064758658669484,1.66392609771817,1.7209792871670078,2.745345985845907,1.324418957401803,1.7346710726021062,Near-Jupiter,Moderate-e,Transition
(2010 JM151),2010-05-14,19.6,0.111,0.88,2.52,2.21,16.65,N,Apollo,1.7,0.4823529411764706,4.018542380183809,False,0.10526051065749295,0.6312717768418579,1.2584609896100056,1.1662709371419244,2.8707357833793057,0.9932517730102833,1.8907681812184682,Inner (NEA),Moderate-e,Asteroidal
(2010 JH87),2010-05-11,19.6,0.221,0.71,2.37,1.91,43.78,N,Apollo,1.54,0.538961038961039,4.038549595273964,False,0.19967019512856762,0.5364933705145685,1.2149127443642702,1.068153081183401,3.8017616111706087,0.9321640810304452,1.8937838347781957,Inner (NEA),Moderate-e,Asteroidal
(2010 JG87),2010-05-11,19.1,0.209,0.14,5.38,4.59,16.91,N,Apollo,2.76,0.9492753623188408,2.3224203087475703,False,0.1897935716326556,0.1310282624064041,1.8531680973566984,1.7209792871670078,2.8853592160726205,1.324418957401803,1.5950008858453701,Near-Jupiter,Very-high-e,JFC
(2010 JF87),2010-05-11,19.2,0.053,0.92,3.95,3.8,24.93,N,Apollo,2.435,0.6221765913757701,3.1071382274508417,False,0.051643233151838455,0.6523251860396901,1.599387576580599,1.5686159179138452,3.255400599550573,1.2340169256743125,1.742753269122859,Near-Jupiter,High-e,Transition
(2010 JE87),2010-05-10,20.8,0.035,0.51,1.3,0.86,16.92,Y,Aten,0.905,0.43646408839779,6.464050801087304,False,0.034401426717332394,0.41210965082683293,0.832909122935104,0.6205764877251099,2.8859174075467844,0.6444820085786642,2.2049682872942515,Inner (NEA),Moderate-e,Stable
(2010 JD87),2010-05-07,19.2,0.283,0.51,2.34,1.71,24.6,N,Apollo,1.4249999999999998,0.6421052631578947,4.378900498344786,False,0.24920108563349935,0.41210965082683293,1.205970806988609,0.9969486348916095,3.242592351485517,0.8858315243894463,1.943738310528444,Inner (NEA),High-e,Asteroidal
P/2010 JC81 (WISE),2010-05-10,20.3,0.828,1.81,14.46,23.19,38.69,Unknown,Halley-type Comet*,8.135,0.7775046097111248,1.8671270657056864,False,0.6032224730319582,1.0331844833456543,2.738256043159276,3.185939324621936,3.681099266794974,2.21211318982997,1.498068310508406,Main Belt,High-e,HTC/Parabolic
(2010 JA43),2010-05-04,20.9,0.186,1.03,2.38,2.23,36.46,N,Amor,1.705,0.3958944281524926,3.8956698359900575,False,0.1705863005755337,0.7080357930536959,1.2178757094949273,1.172482137234565,3.6232736970159425,0.9951019122984448,1.8720456803446885,Inner (NEA),Moderate-e,Asteroidal
(2010 JN33),2010-05-03,20.4,0.257,1.11,2.0,1.94,53.15,N,Amor,1.5550000000000002,0.2861736334405144,3.972528892545386,False,0.22872792960811036,0.7466879474879752,1.0986122886681096,1.0784095813505903,3.9917579734469992,0.9380522236556678,1.883797942477381,Inner (NEA),Low-e,Asteroidal
C/2010 J4 (WISE),2010-05-12,20.3,0.307,1.09,,,162.3,Unknown,Parabolic Comet,,,,False,0.26773443464208485,0.7371640659767197,,,5.095588999976419,,,,,
(2010 HZ108),2010-04-25,20.9,0.108,0.99,1.51,1.39,22.88,N,Apollo,1.25,0.208,5.043670675293333,False,0.10255658832509207,0.688134638736401,0.9202827531436925,0.8712933659434192,3.1730412885244013,0.8109302162163288,2.0346512417054265,Inner (NEA),Low-e,Stable
(2010 HX107),2010-04-20,23.6,0.014,0.56,1.04,0.72,3.36,N,Aten,0.8,0.3,7.247045086800867,False,0.013902905168991422,0.4446858212614457,0.712949807856125,0.5423242908253616,1.4724720573609429,0.5877866649021191,2.287771736583537,Inner (NEA),Low-e,Stable
(2010 HZ104),2010-04-23,22.5,0.029,0.97,3.52,3.37,20.24,N,Apollo,2.245,0.5679287305122493,3.33109635977066,False,0.02858745685191255,0.6780335427498971,1.5085119938441398,1.4747630091074988,3.055886196373738,1.1771153501560532,1.7812055535492854,Near-Jupiter,Moderate-e,Transition
(2010 HW81),2010-04-25,21.4,0.117,0.33,2.1,1.33,12.77,N,Apollo,1.215,0.728395061728395,4.925830961625207,False,0.11064652008706366,0.28517894223366236,1.1314021114911006,0.8458682675776092,2.6224923127405635,0.795252403497099,2.0191266339479417,Inner (NEA),High-e,Asteroidal
(2010 HD33),2010-04-20,18.3,0.372,1.27,3.97,4.24,24.43,N,Amor,2.62,0.5152671755725191,3.0924760773550464,False,0.31626952930369345,0.8197798314933114,1.6034198401085373,1.6563214983329508,3.235929579434028,1.2864740258376797,1.7401835395460745,Near-Jupiter,Moderate-e,Transition
(2010 GV147),2010-04-14,18.5,0.316,0.33,1.59,0.94,44.05,N,Aten,0.96,0.65625,5.88269896877754,False,0.2745968329031254,0.28517894223366236,0.9516578757114464,0.6626879730752367,3.807772984054347,0.6729444732424258,2.1387255120349824,Inner (NEA),High-e,Stable
(2010 GR75),2010-04-13,19.6,0.299,0.63,2.82,2.27,17.78,N,Apollo,1.725,0.6347826086956522,3.8620581524951545,False,0.2615947376884625,0.48858001481867097,1.3402504226184837,1.184789984909162,2.932792473780117,1.0024684281152074,1.86686250163174,Inner (NEA),High-e,Asteroidal
(2010 GQ75),2010-04-12,20.2,0.598,0.33,4.53,3.79,43.23,N,Apollo,2.43,0.8641975308641975,2.641135448055567,False,0.46875284734408285,0.28517894223366236,1.7101878155342434,1.5665304114228238,3.789403291880235,1.2325602611778486,1.6576657427456802,Near-Jupiter,High-e,JFC
(2010 GP67),2010-04-11,22.3,0.018,0.99,1.23,1.18,13.27,N,Apollo,1.11,0.1081081081081081,5.578779035382681,False,0.017839918128330995,0.688134638736401,0.8020015854720274,0.7793248768009976,2.658159431488745,0.7466879474879752,2.102265600402171,Inner (NEA),Low-e,Stable
(2010 GH65),2010-04-10,18.8,0.15,1.05,4.36,4.45,21.04,N,Amor,2.705,0.611829944547135,2.987288025314623,False,0.1397619423751587,0.7178397931503168,1.6789639750827106,1.6956156086751526,3.0928589842847134,1.3096832587480502,1.7215517805825922,Near-Jupiter,High-e,JFC
(2010 GX62),2010-04-10,20.0,0.013,0.87,5.03,5.07,21.66,Y,Apollo,2.95,0.7050847457627119,2.755505885103326,False,0.012916225266546328,0.6259384308664953,1.796747010739094,1.803358605071407,3.12060125559986,1.3737155789130304,1.6792286815027673,Near-Jupiter,High-e,JFC
(2010 GW62),2010-04-09,19.4,0.44,0.54,2.0,1.43,32.43,N,Apollo,1.27,0.5748031496062992,4.777149202403259,False,0.36464311358790924,0.4317824164255378,1.0986122886681096,0.887891257352457,3.509453700432007,0.8197798314933114,1.9991885026140892,Inner (NEA),Moderate-e,Asteroidal
(2010 GF25),2010-04-02,19.1,0.399,0.37,2.47,1.7,38.49,N,Apollo,1.4200000000000002,0.7394366197183098,4.212701080383399,False,0.33575769568334407,0.3148107398400335,1.244154593958768,0.9932517730102833,3.676047475298558,0.883767540168595,1.9196562561196506,Inner (NEA),High-e,Asteroidal
(2010 GE25),2010-04-01,20.0,0.22,1.1,3.03,2.97,21.66,N,Amor,2.065,0.4673123486682808,3.553741037842736,False,0.19885085874516517,0.7419373447293773,1.3937663759585914,1.378766094699099,3.12060125559986,1.1200475693881746,1.8180206342411296,Near-Jupiter,Moderate-e,Asteroidal
(2010 GK23),2010-04-05,19.7,0.097,0.87,4.43,4.32,34.77,N,Apollo,2.65,0.6716981132075471,2.8311183640146305,False,0.0925791812930932,0.6259384308664953,1.6919391339458438,1.671473303353553,3.5771095532709265,1.2947271675944,1.6932332305188322,Near-Jupiter,High-e,JFC
C/2010 G3 (WISE),2010-04-14,20.3,4.492,4.91,5260.08,135070.2,108.27,Unknown,Comet,2632.495,0.998134849258973,-0.8592414897654146,True,1.7032924879057245,1.7766458314180067,8.56809160784975,11.813557325797568,4.693821883582654,7.876067140307629,0.5577120566143561,Extreme,Very-high-e,
C/2010 FB87 (WISE-Garradd),2010-03-28,20.3,2.538,2.84,595.66,5176.82,107.63,Unknown,Comet,299.25,0.9905096073517126,-0.614197407366713,True,1.2635615957375934,1.3454723665996353,6.391347436919912,8.552139397250707,4.687947612445659,5.704615460960093,0.6889964390106322,Extreme,Very-high-e,
(2010 FJ81),2010-03-31,20.8,0.128,1.14,6.06,6.82,42.54,N,Amor,3.6,0.6833333333333333,2.339641559553184,False,0.12044615307586716,0.76080582903376,1.9544450515051506,2.05668455455722,3.773680055806401,1.5260563034950492,1.5984891304045696,Near-Jupiter,High-e,JFC
(2010 FH81),2010-03-31,21.6,0.034,0.97,1.48,1.36,16.79,Y,Apollo,1.225,0.2081632653061224,5.153883105037188,False,0.033434776086237385,0.6780335427498971,0.9082585601768908,0.8586616190375187,2.8786365016777435,0.7997569156182036,2.0489560753643064,Inner (NEA),Low-e,Stable
(2010 FG81),2010-03-26,23.3,0.019,1.01,2.31,2.14,7.97,N,Apollo,1.66,0.3915662650602409,4.162265489044897,False,0.018821754240587758,0.6981347220709844,1.1969481893889715,1.144222799920162,2.1938856760707046,0.9783261227936076,1.9122320135271653,Inner (NEA),Moderate-e,Asteroidal
(2010 FC81),2010-03-30,21.8,0.027,1.01,4.35,4.38,1.68,Y,Apollo,2.68,0.623134328358209,3.062780862050368,False,0.026641930946421175,0.6981347220709844,1.677096560907915,1.6826883741736929,0.9858167945227652,1.3029127521808395,1.7349587545522518,Near-Jupiter,High-e,Transition
(2010 FB81),2010-03-30,21.4,0.096,1.02,4.14,4.14,9.48,N,Amor,2.58,0.6046511627906976,3.122246820027124,False,0.0916671885258238,0.7030975114131134,1.6370530794670737,1.6370530794670737,2.349468678892896,1.275362800412609,1.7453943533498473,Near-Jupiter,High-e,Transition
(2010 FA81),2010-03-29,22.3,0.035,1.01,1.38,1.31,15.48,N,Apollo,1.1949999999999998,0.1548117154811715,5.264309623772665,False,0.034401426717332394,0.6981347220709844,0.8671004876833832,0.8372475245337022,2.8021475244813256,0.7861820465271345,2.0630863660800487,Inner (NEA),Low-e,Stable
(2010 FZ80),2010-03-28,20.3,0.297,0.7,4.8,4.56,27.34,N,Apollo,2.75,0.7454545454545454,2.752080736753056,False,0.26005390533430683,0.5306282510621704,1.7578579175523736,1.715598108262491,3.3442742342625342,1.3217558399823195,1.678589626266225,Near-Jupiter,High-e,JFC
(2010 FY80),2010-03-28,19.7,0.14,1.05,4.35,4.42,18.81,N,Amor,2.7,0.6111111111111112,3.0057400610079297,False,0.1310282624064041,0.7178397931503168,1.677096560907915,1.6900958154515546,2.9861868607104594,1.3083328196501787,1.7248453624188325,Near-Jupiter,High-e,Transition
(2010 FX80),2010-03-27,20.6,0.535,1.18,3.15,3.19,36.96,N,Amor,2.165,0.4549653579676674,3.320122189116936,False,0.42853038103916047,0.7793248768009976,1.423108334242607,1.4327007339340463,3.636532973741727,1.1521530555961395,1.7793554090100756,Near-Jupiter,Moderate-e,Transition
(2010 EX119),2010-03-13,19.4,0.159,0.77,3.04,2.63,15.57,N,Apollo,1.905,0.5958005249343832,3.666198099612279,False,0.14755756435761466,0.5709795465857378,1.3962446919730587,1.2892326482767593,2.8075938314384716,1.0664333903038745,1.836113017062296,Inner (NEA),Moderate-e,Asteroidal
(2010 EN44),2010-03-12,24.3,0.023,0.96,1.33,1.22,10.18,N,Apollo,1.145,0.1615720524017467,5.453066607948086,False,0.022739486969489426,0.6729444732424258,0.8458682675776092,0.7975071958841881,2.4141264677269527,0.7631395523799803,2.0867869650147393,Inner (NEA),Low-e,Stable
(2010 EX11),2010-03-03,24.1,0.029,0.85,1.06,0.93,9.75,N,Aten,0.955,0.1099476439790576,6.284622187596598,False,0.02858745685191255,0.6151856390902334,0.7227059828014897,0.6575200029167942,2.3749057545736716,0.6703901934373291,2.1849872633155787,Inner (NEA),Low-e,Stable
C/2010 E3 (WISE),2010-03-05,20.3,1.546,2.27,,,96.48,Unknown,Parabolic Comet,,,,False,0.9345235001352148,1.184789984909162,,,4.579647228757006,,,,,
(2010 DJ77),2010-02-20,21.6,0.05,0.75,1.16,0.93,24.98,Y,Aten,0.955,0.2146596858638743,6.203835459972687,False,0.048790164169432014,0.5596157879354227,0.7701082216960736,0.6575200029167942,3.2573270112424533,0.6703901934373291,2.1758589025469917,Inner (NEA),Low-e,Stable
(2010 DH77),2010-02-19,21.8,0.146,0.95,5.58,5.9,34.38,N,Apollo,3.265,0.7090352220520674,2.51497241349524,False,0.1362776182925478,0.6678293725756554,1.8840347453372257,1.9315214116032138,3.566146688731639,1.4504421809436425,1.6333273816362626,Near-Jupiter,High-e,JFC
(2010 DG77),2010-02-19,21.4,0.009,0.96,3.22,3.02,14.81,Y,Apollo,2.09,0.5406698564593302,3.519245265046215,False,0.008959741371471904,0.6729444732424258,1.4398351280479205,1.3912819026309295,2.7606426512213806,1.128171090909654,1.8124046163669818,Near-Jupiter,Moderate-e,Asteroidal
(2010 DM56),2010-02-19,19.9,0.006,0.92,1.69,1.49,25.61,Y,Apollo,1.305,0.2950191570881226,4.847950800486707,False,0.005982071677547464,0.6523251860396901,0.9895411936137477,0.9122827104766162,3.281287084989598,0.8350806764486118,2.0087325462080874,Inner (NEA),Low-e,Asteroidal
(2010 DJ56),2010-02-23,19.3,0.028,0.94,1.56,1.4,34.84,Y,Apollo,1.25,0.248,4.939669848436755,False,0.027615167032973363,0.6626879730752367,0.9400072584914712,0.8754687373538999,3.57906458810673,0.8109302162163288,2.0209623559741536,Inner (NEA),Low-e,Asteroidal
(2010 DH56),2010-02-20,20.3,0.333,0.97,3.51,3.35,33.67,N,Apollo,2.24,0.5669642857142858,3.2213294716837955,False,0.2874320411965716,0.6780335427498971,1.5062971535145868,1.4701758451005926,3.545874759696932,1.1755733298042381,1.7625439212044767,Near-Jupiter,Moderate-e,Transition
C/2010 DG56 (WISE),2010-02-18,20.3,0.65,1.59,133.48,555.03,160.42,Unknown,Comet,67.535,0.9764566521063152,-1.3878822956334862,True,0.5007752879124893,0.9516578757114464,4.90141548910036,6.320822249629497,5.084009663896226,4.227344563683344,0.1972354838092383,Outer,Very-high-e,
(2010 DK34),2010-02-20,20.4,0.333,0.65,4.83,4.54,27.34,N,Apollo,2.74,0.7627737226277371,2.7317628683199757,False,0.2874320411965716,0.5007752879124893,1.763017000362401,1.7119945007591924,3.3442742342625342,1.3190856114264407,1.6747903517686764,Near-Jupiter,High-e,JFC
(2010 DM21),2010-02-16,20.2,0.26,0.98,4.74,4.85,21.15,N,Apollo,2.8600000000000003,0.6573426573426573,2.8606458971262883,False,0.2311117209633866,0.6830968447064438,1.747459210331475,1.766441661243765,3.0978374964911444,1.3506671834767396,1.698649355645735,Near-Jupiter,High-e,JFC
C/2010 D4 (WISE),2010-02-28,20.3,6.373,7.15,122.19,520.06,105.66,Unknown,Comet,64.67,0.8894386887273851,-0.7897458464783926,True,1.9978246790075136,2.0980179272527715,4.813727878973882,6.255865198270393,4.669646205172456,4.184642200202881,0.5967283919237917,Outer,High-e,
C/2010 D3 (WISE),2010-02-26,20.3,3.586,4.25,23255.11,1254179.62,76.39,Unknown,Comet,11629.68,0.9996345557229434,0.6020940781536398,True,1.5230081844357126,1.6582280766035322,10.054323172189685,14.041993024890665,4.348857573282368,9.361401713278932,1.165649936655304,Extreme,Very-high-e,HTC/Parabolic
P/2010 D2 (WISE),2010-02-25,20.3,2.945,3.66,9.72,17.3,57.18,Unknown,Jupiter-family Comet*,6.69,0.452914798206278,1.8734787726681896,False,1.3724489542978375,1.5390154481375544,2.372111155642656,2.906901059847375,4.063541653067055,2.0399207835175526,1.4994873010038938,Main Belt,Moderate-e,HTC/Parabolic
P/2010 D1 (WISE),2010-02-17,20.3,1.683,2.67,5.63,8.45,9.65,Unknown,Jupiter-family Comet,4.15,0.3566265060240963,2.898614785005175,False,0.9869355714434871,1.3001916620664788,1.891604804197771,2.2460147415056513,2.365559892155434,1.6389967146756448,1.7055710106601902,Near-Jupiter,Moderate-e,JFC
(2010 CN141),2010-02-14,22.4,0.06,0.91,2.12,1.87,23.8,N,Apollo,1.515,0.3993399339933993,4.337893546224565,False,0.05826890812397578,0.6471032420585385,1.137833001821391,1.0543120297715298,3.2108436531709366,0.9222728035517025,1.9378501364370184,Inner (NEA),Moderate-e,Asteroidal
(2010 CP140),2010-02-13,19.5,0.097,0.88,2.92,2.62,14.47,N,Apollo,1.9,0.5368421052631579,3.7244501561223498,False,0.0925791812930932,0.6312717768418579,1.366091653802371,1.2864740258376797,2.7389026645849746,1.0647107369924282,1.845357625541404,Inner (NEA),Moderate-e,Asteroidal
(2010 CC55),2010-02-11,22.5,0.079,0.82,2.27,1.92,6.78,N,Apollo,1.545,0.4692556634304208,4.321647933011413,False,0.07603468627599762,0.5988365010887039,1.184789984909162,1.0715836162801904,2.0515563381903004,0.934130650002486,1.9355078121690388,Inner (NEA),Moderate-e,Asteroidal
(2010 CA55),2010-02-05,21.3,0.151,0.67,9.89,12.13,58.85,N,Apollo,5.28,0.8731060606060607,1.4930932385193478,False,0.1406311297397456,0.5128236264286637,2.387844936944869,2.5748996883147046,4.091841432003982,1.8373699804801074,1.410744594980454,Main Belt,High-e,HTC/Parabolic
(2010 CH18),2010-02-09,19.0,0.333,1.12,4.09,4.21,27.15,N,Amor,2.605,0.5700575815738963,3.031052711157137,False,0.2874320411965716,0.7514160886839211,1.6272778305624314,1.6505798557652755,3.3375473545856993,1.2823217707369123,1.729345949167668,Near-Jupiter,Moderate-e,Transition
(2010 CG18),2010-02-06,20.8,0.13,1.11,1.76,1.73,10.15,N,Amor,1.435,0.2264808362369337,4.631018444117513,False,0.12221763272424921,0.7466879474879752,1.0152306797290587,1.0043016091968684,2.4114394979061275,0.8899467565345531,1.9791973007098849,Inner (NEA),Low-e,Asteroidal
(2010 CO1),2010-02-01,21.5,0.023,0.79,1.23,1.02,24.03,Y,Apollo,1.01,0.2178217821782178,5.934225404496802,False,0.022739486969489426,0.5822156198526636,0.8020015854720274,0.7030975114131134,3.2200751054436827,0.6981347220709844,2.1447772294028398,Inner (NEA),Low-e,Stable
P/2010 B2 (WISE),2010-01-22,20.3,0.63,1.62,4.6,5.49,8.93,Unknown,Encke-type Comet,3.11,0.4790996784565915,3.01320917028732,False,0.48858001481867097,0.9631743177730054,1.7227665977411033,1.8702625307159986,2.295560478057081,1.413423028508143,1.7261754772248066,Near-Jupiter,Moderate-e,Transition
(2010 AU118),2010-01-13,17.7,0.147,1.13,2.12,2.06,43.73,N,Amor,1.625,0.3046153846153847,3.969502326109731,False,0.13714983814723364,0.7561219797213337,1.137833001821391,1.1184149159642893,3.8006444174447567,0.965080896043587,1.8833377631734185,Inner (NEA),Moderate-e,Asteroidal
(2010 AG79),2010-01-13,19.9,0.244,1.22,4.59,4.95,32.96,N,Amor,2.905,0.5800344234079174,2.8117319600453543,False,0.2183319943169877,0.7975071958841881,1.7209792871670078,1.7833912195575383,3.5251833614431467,1.3622577832916491,1.6896612356399157,Near-Jupiter,Moderate-e,JFC
(2010 AB78),2010-01-12,18.3,0.206,1.02,3.49,3.38,33.26,N,Amor,2.255,0.5476718403547672,3.227439407496991,False,0.1873090983049937,0.7030975114131134,1.501852701754163,1.4770487243883548,3.5339784928959737,1.1801922756605325,1.7635918842458778,Near-Jupiter,Moderate-e,Transition
